<?xml version="1.0" encoding="UTF-8"?>
<project xmlns="http://maven.apache.org/POM/4.0.0" xmlns:xsi="http://www.w3.org/2001/XMLSchema-instance" xsi:schemaLocation="http://maven.apache.org/POM/4.0.0 http://maven.apache.org/maven-v4_0_0.xsd">
  <modelVersion>4.0.0</modelVersion>
  <groupId>de.tsystems.jschool</groupId>
  <artifactId>LogSample</artifactId>
  <name>LogSample</name>
  <version>0.0.1-SNAPSHOT</version>
  <build>
    <plugins>
      <plugin>
        <artifactId>maven-shade-plugin</artifactId>
        <version>${maven-shade-plugin.version}</version>
        <executions>
          <execution>
            <phase>package</phase>
            <goals>
              <goal>shade</goal>
            </goals>
            <configuration>
              <transformers>
                <transformer>
                  <mainClass>de.tsystems.jschool.sample.logger.Main</mainClass>
                </transformer>
              </transformers>
            </configuration>
          </execution>
        </executions>
      </plugin>
    </plugins>
  </build>
  <properties>
    <log4j.version>1.2.17</log4j.version>
    <maven-shade-plugin.version>1.7.1</maven-shade-plugin.version>
  </properties>
</project>

