<?xml version='1.0' encoding='ISO-8859-1' ?>
<!DOCTYPE log4j:configuration SYSTEM "log4j.dtd">
<log4j:configuration>

  <appender name="CONSOLE-DEBUG" class="org.apache.log4j.ConsoleAppender">
    <param name="target" value="System.out"/>
    <layout class="org.apache.log4j.PatternLayout">
      <param name="ConversionPattern" value="%d{ISO8601} [%5p] %m at %l%n"/>
    </layout>
    <filter class="org.apache.log4j.varia.LevelRangeFilter">
      <param name="LevelMin" value="ALL"/>
      <param name="LevelMax" value="INFO"/>
    </filter>
  </appender>

  <appender name="CONSOLE-WARN" class="org.apache.log4j.ConsoleAppender">
    <param name="target" value="System.err"/>
    <layout class="org.apache.log4j.PatternLayout">
      <param name="ConversionPattern" value="%d{ISO8601} [%5p] %m at %l%n"/>
    </layout>
    <filter class="org.apache.log4j.varia.LevelRangeFilter">
      <param name="LevelMin" value="WARN"/>
    </filter>
  </appender>

  <appender name="LOG-FILE-APPENDER" class="org.apache.log4j.FileAppender">
    <param name="file" value="app.log"/>
    <layout class="org.apache.log4j.PatternLayout">
      <param name="ConversionPattern" value="%d{ISO8601} [%5p] %c %m at %l%n"/>
    </layout>
  </appender>
  
  <appender name="LOG-FILE-DOMAIN-APPENDER" class="org.apache.log4j.FileAppender">
    <param name="file" value="app-domain.log"/>
    <layout class="org.apache.log4j.PatternLayout">
      <param name="ConversionPattern" value="%d{ISO8601} [%5p] %c %m at %l%n"/>
    </layout>
  </appender>

  <category name="org.hibernate" additivity="false">
    <priority value="WARN"/>
    <appender-ref ref="CONSOLE-WARN"/>
    <appender-ref ref="CONSOLE-DEBUG"/>
  </category>

  <category name="org.hibernate.SQL">
    <priority value="DEBUG"/>
  </category>
  
  <category name="de.tsystems.jschool.sample.domain">
    <appender-ref ref="LOG-FILE-DOMAIN-APPENDER"/>
    <appender-ref ref="CONSOLE-WARN"/>
    <appender-ref ref="CONSOLE-DEBUG"/>
  </category>

  <root>
    <priority value="DEBUG"/>
    <appender-ref ref="CONSOLE-WARN"/>
    <appender-ref ref="CONSOLE-DEBUG"/>
    <appender-ref ref="LOG-FILE-APPENDER"/>
  </root>

</log4j:configuration>