<?xml version="1.0" encoding="UTF-8"?>
<data-sources>
	<data-source id="derby_server-1359877749081--943193175" provider="generic" driver="derby_server" name="Derby - jpaexample" create-date="1359877749081" save-password="true" show-system-objects="true" read-only="false">
		<connection host="localhost" port="1527" server="" database="jpaexample" url="jdbc:derby://localhost:1527/jpaexample;create=false" user="app" password="EhQWQKA=" type="dev"/>
		<virtual-meta-data>
			<container name="model">
				<container name="APP">
					<entity name="SHEDULE">
						<constraint name="PRIMARY" type="VIRTUAL KEY">
							<attribute name="LECTIONID"/>
							<attribute name="STUDENTID"/>
						</constraint>
					</entity>
				</container>
			</container>
		</virtual-meta-data>
	</data-source>
</data-sources>